Timestamp,Category,Phrase,Emojis
2025-05-31 14:30:26,Reasons to Break Up,Lost interest,ğŸ˜´ ğŸ“± ğŸ’”
2025-05-31 14:45:29,Things You've Secretly Judged People For,Big Life Changes,ğŸ¤° ğŸ’ âœˆï¸ ğŸ¡
2025-05-31 14:47:50,Pet Shaming Reasons,Ate my homework,ğŸ¶ ğŸ“š ğŸ˜©
2025-05-31 14:48:30,Forgotten Social Media Platforms,Vine was life,ğŸ‡ ğŸ˜‚ ğŸ¬ ğŸ’€
2025-05-31 14:50:38,Old Tech Struggles,Floppy disk,ğŸ’¾ ğŸŒ ğŸ˜«
2025-05-31 15:21:33,Late Night Snack Cravings,Sweet tooth,ğŸ¬ğŸ¦·ğŸ¤¤ğŸ˜‹,yes,1,90.0,110.0
2025-05-31 15:22:16,Wedding Guest Complaints,Bad dog,ğŸ¶ ğŸ˜  ğŸ¥‚ ğŸ¾,yes,2,90.0,190.0
2025-05-31 15:23:29,Food Coma Symptoms,Food baby,ğŸ¤° ğŸ” ğŸ˜´,yes,3,80.0,255.0
2025-05-31 15:24:00,Embarrassing Medical Questions,Morning breath,â˜• ğŸŒ¬ï¸ ğŸ˜¬,no,2,0.0,245.0
2025-05-31 15:29:21,Craigslist Missed Connections,Second helpings,ğŸ½ï¸ğŸ˜‹ğŸ¤¤ğŸ™Œ,no,2,0.0,235.0
2025-05-31 15:29:55,Forbidden Love Stories,Forbidden fruit,ğŸ ğŸš« ğŸ’”,yes,0,90.0,325.0
2025-05-31 15:34:29,Boomer Complaints,Kids these days,ğŸ‘´ ğŸ§’ ğŸ¤¯ â³ ğŸ“º,yes,2,80.0,395.0
2025-05-31 15:35:08,Toxic Relationship Red Flags,Love bombing,ğŸ’–ğŸ’£ğŸ’¥ğŸ’”,yes,3,90.0,470.0
2025-05-31 15:36:24,Drunk Text Regrets,Oops I texted,ğŸ¤¦â€â™€ï¸ğŸ“±ğŸ˜¬,no,3,0.0,455.0
2025-05-31 15:37:28,Autocorrect Fails,Take a break,â˜• ğŸ˜´ ğŸš¶â€â™€ï¸,no,3,0.0,440.0
2025-05-31 15:37:47,Festival Drug Stories,Lost weekend,ğŸ˜µâ€ğŸ’«â›ºï¸ğŸ˜´â“,yes,0,100.0,590.0
2025-05-31 15:38:22,Things That Are Overpriced,Bottled water,ğŸ’§ğŸ’°ğŸ¤£ğŸš¿,yes,3,90.0,665.0
2025-05-31 16:08:56,Things That Were Cool in High School,Starter jacket,ğŸ§¥ğŸˆâœ¨ğŸ”¥ğŸ˜,no,3,0.0,650.0
2025-05-31 16:09:32,Things Overheard in a Bar Bathroom,Rough night,ğŸ¤• ğŸŒ™ ğŸš½,yes,3,90.0,725.0
2025-05-31 16:10:11,Things You Google at 3AM,Why am I,ğŸ¤” ğŸ¦‰ ğŸ˜µâ€ğŸ’«,yes,0,90.0,815.0
2025-05-31 16:10:48,Selfie Gone Wrong,Photo Bomb,ğŸ“¸ğŸ’¥ğŸ˜‚ğŸ™ˆ,yes,1,90.0,900.0
2025-05-31 16:11:27,One Hit Wonders,Here Comes Trouble,ğŸ˜ˆ ğŸ’¥ ğŸˆ ğŸ˜±,yes,3,90.0,975.0
2025-05-31 16:12:04,Movie Quotes You Use Daily,Show me the money,ğŸ¬ ğŸ’° ğŸ˜²,yes,3,90.0,1050.0
2025-05-31 16:12:59,Embarrassing Medical Questions,"Doctor, it hurts",ğŸ©º ğŸ˜« ğŸ©¹ ğŸ˜‚,yes,3,80.0,1115.0
2025-05-31 16:13:39,Social Media Addictions,Doom scrolling,ğŸ˜©ğŸ“±ğŸ˜µâ€ğŸ’«ğŸ“‰,yes,2,90.0,1195.0
2025-05-31 16:14:17,Regrettable Fashion Choices,Bell Bottoms,ğŸ‘– ğŸŒ¼ ğŸ•º ğŸ¤¦,yes,2,90.0,1275.0
2025-05-31 18:24:37,Worst Nightmares,Public Speaking,ğŸ¤ ğŸ˜¨ ğŸ˜¬ ğŸ—£ï¸,no,3,0.0,1260.0
2025-05-31 18:25:26,Communal Catastrophes & Questionable Casseroles (That Might Seduce?),Too many cooks,ğŸ§‘â€ğŸ³ ğŸ² ğŸ˜« ğŸ’¥,yes,2,80.0,1330.0
2025-05-31 18:26:46,Valid Grounds for Ending It,Last straw,ğŸœ ğŸ˜« ğŸ›‘,yes,3,90.0,1405.0
2025-05-31 18:27:15,Things You Do When Nobody's Watching,Sing in shower,ğŸ¤ ğŸš¿ ğŸ¶ ğŸ˜…,yes,0,100.0,1555.0
2025-05-31 18:28:14,AI Falls For... Another AI? (It's Complicated),Lost the leash,ğŸ¶ğŸ’”ğŸ”—,yes,3,90.0,1630.0
2025-05-31 18:29:34,Shows That Got Cancelled Too Soon,Firefly flew,ğŸ› âœ¨ ğŸ˜­,no,3,0.0,1615.0
2025-05-31 18:30:24,Gym Fails,Dropped the weight,ğŸ‹ï¸â€â™€ï¸ğŸ’¥ğŸ¤•ğŸ˜‚,yes,3,90.0,1690.0
2025-05-31 18:31:08,OnlyFans Content Ideas,Silk Robe,ğŸ‘˜ ğŸ’‹ âœ¨ğŸ¥‚,yes,2,90.0,1770.0
2025-05-31 18:32:06,Popular Teen & Young Adult Sayings,No cap,ğŸ§¢ğŸš«ğŸ’¯ğŸ—£ï¸,yes,3,90.0,1845.0
2025-05-31 18:50:53,"What Happens at the Bachelorette, Stays... Unless It's Funny",Bad decisions,ğŸ¤ª ğŸ· ğŸ¤¦â€â™€ï¸,yes,3,90.0,1995.0
2025-05-31 18:51:24,Awkward Silences,Just thinking out loud,ğŸ—£ï¸ ğŸ¤” ğŸ˜¬ â˜•,no,0,0.0,1995.0
2025-05-31 18:51:58,If Animals Could Talk,Birds of a feather,ğŸ¦ ğŸ¤ ğŸ¦,yes,3,90.0,2070.0
2025-05-31 19:43:48,Silly Ideas You Have When Tipsy,Teach cat piano,ğŸˆ ğŸ¹ ğŸ¤ª,no,0,0.0,25.0
2025-05-31 19:44:41,Getting Sacked for Scandalous Reasons,Dropped the ball,ğŸˆ ğŸ¤¦â€â™€ï¸ ğŸ“‰,yes,0,80.0,105.0
2025-05-31 19:46:04,Things That Make You Go Hmm,Who's a good boy,ğŸ¶ ğŸ¥° ğŸ¤” ğŸ¾,no,0,0.0,105.0
2025-05-31 19:47:58,DIY Disasters,Nailed it,ğŸ”¨ ğŸ’¥ ğŸ˜…,yes,2,90.0,105.0
2025-05-31 19:49:56,Things Overhyped by Media,Metaverse land,ğŸ’» ğŸï¸ ğŸ“‰ ğŸ‘»,no,3,0.0,90.0
2025-05-31 19:50:47,Meme Overlords,Much wow,ğŸ˜² âœ¨ ğŸ•,yes,3,90.0,165.0
2025-05-31 19:51:45,Taboo Romances & Illicit Affairs,Forbidden fruit,ğŸ ğŸ¤« ğŸ˜ˆ ğŸ˜‹,no,0,0.0,165.0
2025-05-31 19:52:28,AI's Top Binge-Worthy Code Compilations,Lost the leash,ğŸ¶ ğŸ”— ğŸƒâ€â™€ï¸ ğŸ˜…,yes,3,80.0,230.0
2025-05-31 19:53:41,AI Gets Hangry for More Processing Power,Needs more kibble,ğŸ¶ ğŸ– âš¡ï¸,no,3,0.0,215.0
2025-05-31 19:54:47,Office Affair Drama,Water cooler talk,ğŸ’§ ğŸ—£ï¸ â˜•ï¸ ğŸ¤«,no,3,0.0,200.0
2025-05-31 19:55:21,Wild Antics Before the Wedding,Last night out,ğŸ¥³ğŸ¥‚ğŸŒƒâœ¨,yes,0,90.0,290.0
2025-05-31 20:23:35,90s Kid Problems,Dial up modem,ğŸ“ â³ ğŸŒ ğŸ’»,yes,3,90.0,365.0
2025-05-31 21:04:24,Can't Stop Checking Your Phone?,Scroll forever,ğŸ“±â™¾ï¸ğŸ˜©ğŸ‘,no,3,0.0,350.0
2025-05-31 21:05:13,AI's Dirty Laundry is Just Messy Code,"Garbage in, garbage out",ğŸ—‘ï¸ â¡ï¸ ğŸ—‘ï¸ ğŸ˜‚,yes,0,80.0,430.0
2025-05-31 21:06:09,Y2K Trends That Were Surprisingly Provocative,Low rise,ğŸ‘–â¬‡ï¸ğŸ˜³,yes,3,90.0,505.0
2025-05-31 21:07:01,Awkward Angles & Accidental Exposures (Selfie Fails),Bad hair day,ğŸ¤¦â€â™€ï¸ âœ‚ï¸ ğŸ’¥,yes,3,90.0,580.0
2025-05-31 22:05:37,This AI's Guilty Pleasure is Winning,Game over,ğŸ® ğŸ ğŸ˜µâ€ğŸ’« ğŸ¤–,no,3,0.0,2055.0
2025-05-31 22:16:44,Corporate Greed & Underhanded Deals (With a Sexy Twist?),Power Lunch,ğŸ’¼ ğŸ½ï¸ ğŸ’‹,no,0,0.0,125.0
2025-05-31 22:17:10,Small Things That Bother You Every Day,Lost sock,ğŸ§¦ â“ ğŸ§º ğŸ¤¯,yes,3,75.0,285.0
2025-05-31 22:17:40,Small Things That Bother You Every Day,Lost sock,ğŸ§¦ â“ ğŸ§º ğŸ¤¯,no,0,0.0,285.0
2025-05-31 22:18:24,What Your Car Says About You,Daily Commute,ğŸš— â° ğŸ˜´,no,0,0.0,370.0
2025-05-31 22:18:58,What Your Car Says About You,Road Trip!,ğŸš— ğŸ—ºï¸ ğŸ¶ ğŸ˜…,yes,3,75.0,530.0
2025-05-31 22:19:00,What Your Car Says About You,Road Trip!,ğŸš— ğŸ—ºï¸ ğŸ¶ ğŸ˜…,no,0,0.0,530.0
2025-05-31 22:20:02,What Your Car Says About You,Dust Collector,ğŸš— â³ ğŸ•¸ï¸ ğŸ˜´,no,0,0.0,615.0
2025-05-31 22:20:50,AI Shames Your Bad Emoji Choices (Lovingly),Too Soon,â³ ğŸ˜¬ ğŸš€ ğŸ‘»,no,0,0.0,700.0
2025-05-31 22:21:21,AI Shames Your Bad Emoji Choices (Lovingly),Morning Coffee,â˜• â˜€ï¸ ğŸ˜´ ğŸ’»,yes,1,85.0,880.0
2025-05-31 22:21:33,AI Shames Your Bad Emoji Choices (Lovingly),Morning Coffee,â˜• â˜€ï¸ ğŸ˜´ ğŸ’»,no,0,0.0,880.0
2025-05-31 22:22:42,AI Sets You Up on a Bad (Virtual) Date,Bad Taste,ğŸ¤¢ ğŸ‹ ğŸ˜–,no,0,0.0,965.0
2025-05-31 22:23:17,AI Orders Takeout (It's Just More Puzzles),Wash Dishes,ğŸ«§ ğŸ½ï¸ ğŸ’§,yes,3,75.0,1125.0
2025-05-31 22:23:28,AI Orders Takeout (It's Just More Puzzles),Wash Dishes,ğŸ«§ ğŸ½ï¸ ğŸ’§,no,0,0.0,1125.0
2025-05-31 22:24:50,AI Orders Takeout (It's Just More Puzzles),No Service,ğŸ“µ ğŸ¤– ğŸ˜ ,no,0,0.0,1210.0
2025-05-31 22:25:41,Why We Get Food Delivered,Lazy Dog,ğŸ¾ ğŸ˜´ ğŸ•,yes,3,65.0,1360.0
2025-05-31 22:26:03,Why We Get Food Delivered,Lazy Dog,ğŸ¾ ğŸ˜´ ğŸ•,no,0,0.0,1360.0
2025-05-31 22:34:30,Forgotten TV Shows,Channel Surfing,ğŸ“º ğŸŒŠ ğŸ›‹ï¸,no,0,0.0,110.0
2025-05-31 22:40:26,Bar Fight Starters,You first,ğŸ‘Š ğŸ¤¨ ğŸ»,no,0,0.0,195.0
2025-05-31 23:03:53,Dank Memes & Naughty Net Humor,Big Chungus,ğŸ° ğŸ” ğŸ¤£,no,0,0.0,285.0
2025-05-31 23:04:27,Dank Memes & Naughty Net Humor,Snack Time,ğŸ¥¨ ğŸ˜‹ ğŸ•’,yes,0,90.0,475.0
2025-05-31 23:04:38,Dank Memes & Naughty Net Humor,Snack Time,ğŸ¥¨ ğŸ˜‹ ğŸ•’,no,0,0.0,475.0
2025-05-31 23:05:31,Florida Man Headlines,Brush Teeth,ğŸ¦· ğŸª¥ ğŸŠ ğŸš¿,no,0,0.0,560.0
2025-05-31 23:06:42,Florida Man Headlines,Pet alligator,ğŸŠ ğŸ¡ ğŸ˜³,no,0,0.0,645.0
2025-05-31 23:07:19,AI Sells You This Puzzle on the Black Market (Kidding!),Lost in Translation,ğŸ—ºï¸ ğŸ—£ï¸ â“ ğŸ¤–,yes,3,75.0,805.0
2025-05-31 23:07:40,AI Sells You This Puzzle on the Black Market (Kidding!),Lost in Translation,ğŸ—ºï¸ ğŸ—£ï¸ â“ ğŸ¤–,no,0,0.0,805.0
2025-05-31 23:09:24,AI Sells You This Puzzle on the Black Market (Kidding!),Happy tails,ğŸ¶ ğŸ¥° ğŸ¾ ğŸ¥³,no,0,0.0,890.0
2025-05-31 23:09:57,Childhood Toys You Miss,Building Blocks,ğŸ§± ğŸ—ï¸ ğŸ§© ğŸŒˆ,yes,3,75.0,1050.0
2025-05-31 23:10:39,Childhood Toys You Miss,Building Blocks,ğŸ§± ğŸ—ï¸ ğŸ§© ğŸŒˆ,no,0,0.0,1050.0
2025-05-31 23:11:49,#NSFW_Tag_Gone_Wrong,Accidental Exposure,ğŸ«£ ğŸ“¸ ğŸ™ˆ,no,0,0.0,1135.0
2025-05-31 23:12:21,#NSFW_Tag_Gone_Wrong,Take a shower,ğŸš¿ ğŸ™ˆ ğŸ’¦,yes,3,75.0,1295.0
2025-05-31 23:16:35,#NSFW_Tag_Gone_Wrong,Take a shower,ğŸš¿ ğŸ™ˆ ğŸ’¦,no,0,0.0,1295.0
2025-05-31 23:17:11,AI Tries DIY (Deletes System32),Eat my shorts,ğŸ” ğŸ‘– ğŸ¤–,yes,3,75.0,1455.0
2025-06-01 05:08:04,One Hit Wonders,Mickey Mouse Club,ğŸ­ğŸ°ğŸµ,yes,0,90.0,215.0
2025-06-01 06:39:04,One Hit Wonders,Mickey Mouse Club,ğŸ­ğŸ°ğŸµ,no,0,0.0,215.0
2025-06-01 06:39:52,When Healthy Eating Plans Go Wrong,Cheat Day,ğŸ• ğŸ© ğŸª ğŸ‰,yes,2,70.0,375.0
2025-06-01 06:40:02,When Healthy Eating Plans Go Wrong,Cheat Day,ğŸ• ğŸ© ğŸª ğŸ‰,no,0,0.0,375.0
2025-06-01 06:42:29,When Healthy Eating Plans Go Wrong,Sugar Crash,ğŸ¬ğŸ“‰ğŸ˜µâ€ğŸ’«âš¡,no,0,0.0,465.0
2025-06-01 06:43:00,Midnight Movies & Taboo Cinema Favorites,Late Night,ğŸŒ™ ğŸ¬ ğŸ˜´,yes,2,80.0,635.0
2025-06-01 06:44:01,Midnight Movies & Taboo Cinema Favorites,Late Night,ğŸŒ™ ğŸ¬ ğŸ˜´,no,0,0.0,635.0
2025-06-01 06:45:05,Morning After Survival Kit (Naughty),Bad Decisions,ğŸ˜¬ ğŸ· ğŸ¤•,no,0,0.0,720.0
2025-06-01 06:45:38,Morning After Survival Kit (Naughty),Greasy Spoon,ğŸ³ ğŸ¥“ ğŸ¤•,yes,2,80.0,890.0
2025-06-01 06:46:34,Morning After Survival Kit (Naughty),Greasy Spoon,ğŸ³ ğŸ¥“ ğŸ¤•,no,0,0.0,890.0
2025-06-01 06:47:41,Nigerian Princes & Hot Singles in Your Area (From Your Inbox),Urgent Assistance Needed,ğŸš¨ ğŸ’° ğŸ¥º,yes,3,65.0,1040.0
2025-06-01 07:48:16,Nigerian Princes & Hot Singles in Your Area (From Your Inbox),Urgent Assistance Needed,ğŸš¨ ğŸ’° ğŸ¥º,no,0,0.0,1040.0
2025-06-01 07:49:39,Old Online Fads and Dares,Planking Challenge,ğŸ§â€â™€ï¸ ğŸªµ ğŸ’ª ğŸ˜‚,no,0,0.0,1125.0
2025-06-01 08:06:45,Style Sins & Wardrobe Malfunctions (XXXtra Cringe),Sock And Sandals,ğŸ§¦ ğŸ‘Ÿ ğŸ˜¬ ğŸ™ˆ,no,0,0.0,110.0
2025-06-01 08:07:39,AI Laughs at Your Old Nokia Phone,Still Loading,â³ğŸŒğŸ˜‚ğŸ“±ğŸ¢,no,0,0.0,195.0
2025-06-01 08:08:46,AI Tries to Be Cool (Fails Adorably),Beep Boop,ğŸ¤– ğŸ¶ ğŸ’¥,no,0,0.0,280.0
2025-06-01 08:15:21,AI Ships Player With 'Winning',Easy Come Easy Go,ğŸ’¨ ğŸ”„ ğŸ’¸,yes,3,75.0,185.0
2025-06-01 08:15:52,AI Ships Player With 'Winning',Easy Come Easy Go,ğŸ’¨ ğŸ”„ ğŸ’¸,no,0,0.0,185.0
2025-06-01 08:16:29,In Vino Veritas: The RisquÃ© Revelations,Loose Lips Sink Ships,ğŸ¤« ğŸš¢ ğŸŒŠ ğŸ™Š,yes,3,75.0,345.0
2025-06-01 08:16:33,In Vino Veritas: The RisquÃ© Revelations,Loose Lips Sink Ships,ğŸ¤« ğŸš¢ ğŸŒŠ ğŸ™Š,no,0,0.0,345.0
2025-06-01 08:29:36,Mondegreen Madness: When Lyrics Sound Dirty,Sweet Dreams,ğŸ˜´ ğŸ¬ ğŸ’­,yes,3,75.0,185.0
2025-06-01 08:29:43,Mondegreen Madness: When Lyrics Sound Dirty,Sweet Dreams,ğŸ˜´ ğŸ¬ ğŸ’­,no,0,0.0,185.0
2025-06-01 08:30:28,Booze-Inspired Bites & Late-Night Naughty Noshing,Midnight Munchies,ğŸŒ™ ğŸŸ ğŸ˜‹,no,0,0.0,270.0
2025-06-01 08:30:57,Insomniac Internet: The RisquÃ© Queries,Google It,ğŸ” ğŸŒ™ â“,yes,0,90.0,460.0
2025-06-01 08:41:22,Sober Sagas: Watching Your Drunk (and Horny) Friends,Truth Serum,ğŸ—£ï¸ğŸ§ªğŸ˜¬,no,0,0.0,125.0
2025-06-01 08:42:09,Convincing 'What Ifs' and Unproven Ideas,Aliens Exist,ğŸ‘½ ğŸ›¸ â“ ğŸ˜‚,no,0,0.0,210.0
2025-06-01 08:59:12,Embarrassing Medical Questions,Cat got tongue,ğŸˆâ€â¬› ğŸ—£ï¸ â“,no,0,0.0,125.0
2025-06-01 09:00:38,Last Night of Freedom: The Uncensored Shenanigans,Bad Dog,ğŸ¶ ğŸ˜ˆ ğŸ¾ ğŸ™ˆ,no,0,0.0,210.0
2025-06-01 09:05:49,AI Doomscrolls Its Own Error Logs,Bad dog,ğŸ¶ âŒ âš ï¸,yes,0,80.0,205.0
2025-06-01 09:08:48,Gen Z Slang,No cap,ğŸ§¢ğŸš«ğŸ’¯ğŸ—£ï¸,no,0,0.0,125.0
2025-06-01 09:09:40,Those Uncomfortable Public Moments,Wrong number,ğŸ“± ğŸ˜… ğŸ˜¬ ğŸš«,no,0,0.0,225.0
2025-06-01 11:12:15,Selfie Gone Wrong,Photo Bomb,ğŸ“¸ ğŸ’¥ ğŸ˜±,yes,3,75.0,620.0
2025-06-01 11:12:24,Selfie Gone Wrong,Photo Bomb,ğŸ“¸ ğŸ’¥ ğŸ˜±,no,0,0.0,620.0
2025-06-01 11:14:06,Confessions That Make Your Shrink Blush (Or Cringe),Secret admirer,ğŸ¤«ğŸ’–ğŸ‘€,no,0,0.0,705.0
2025-06-01 11:15:11,Hidden Agendas & Forbidden Truths (The Sexy Version?),Dirty Laundry,ğŸ§º ğŸ¤« ğŸ˜ˆ ğŸ’‹,yes,3,75.0,865.0
2025-06-01 11:15:23,Hidden Agendas & Forbidden Truths (The Sexy Version?),Dirty Laundry,ğŸ§º ğŸ¤« ğŸ˜ˆ ğŸ’‹,no,0,0.0,865.0
2025-06-01 11:16:30,If Animals Could Talk,Cat got tongue,ğŸˆ ğŸ¤« ğŸ—£ï¸,no,0,0.0,950.0
2025-06-01 11:17:06,If Animals Could Talk,Birds do cry,ğŸ¦ ğŸ˜¢ ğŸ˜­,yes,3,75.0,1110.0
2025-06-01 11:17:13,If Animals Could Talk,Birds do cry,ğŸ¦ ğŸ˜¢ ğŸ˜­,no,0,0.0,1110.0
2025-06-01 11:18:36,If Animals Could Talk,"Monkey see, monkey do",ğŸ’ ğŸ™ˆ ğŸ™Š,yes,0,100.0,1360.0
2025-06-01 11:18:43,If Animals Could Talk,"Monkey see, monkey do",ğŸ’ ğŸ™ˆ ğŸ™Š,no,0,0.0,1360.0
2025-06-01 11:20:24,If Animals Could Talk,Whose bird is?,ğŸ¦ â“ ğŸ¤£,no,0,0.0,1445.0
2025-06-01 11:21:01,If Animals Could Talk,Busy as a bee,ğŸ â° ğŸƒâ€â™€ï¸ ğŸŒ»,yes,0,90.0,1635.0
2025-06-01 11:21:33,If Animals Could Talk,Busy as a bee,ğŸ â° ğŸƒâ€â™€ï¸ ğŸŒ»,no,0,0.0,1635.0
2025-06-01 11:23:56,Unsubscribe Reasons,Too many ads,ğŸ” ğŸŸ ğŸ•,no,0,0.0,1720.0
2025-06-01 11:24:43,Urban Dictionary Gems,Adulting is hard,ğŸ˜© bills ğŸ«  â˜•ï¸,yes,3,65.0,1870.0
2025-06-01 11:25:01,Urban Dictionary Gems,Adulting is hard,ğŸ˜© bills ğŸ«  â˜•ï¸,no,0,0.0,1870.0
2025-06-01 11:25:37,Valid Grounds for Ending It,Bad hair day,ğŸ˜­ ğŸ’‡â€â™€ï¸ ğŸ¤¦,yes,3,75.0,2030.0
2025-06-01 11:25:43,Valid Grounds for Ending It,Bad hair day,ğŸ˜­ ğŸ’‡â€â™€ï¸ ğŸ¤¦,no,0,0.0,2030.0
2025-06-01 11:26:16,Valid Grounds for Ending It,Sour grapes,ğŸ‡ ğŸ˜– ğŸš« ğŸ½ï¸,yes,3,75.0,2190.0
2025-06-01 11:27:08,Valid Grounds for Ending It,Sour grapes,ğŸ‡ ğŸ˜– ğŸš« ğŸ½ï¸,no,0,0.0,2190.0
2025-06-01 11:27:33,Valid Grounds for Ending It,Dog ate it,ğŸ¶ ğŸ¦´ âŒ,yes,3,75.0,2350.0
2025-06-01 11:28:13,Valid Grounds for Ending It,Dog ate it,ğŸ¶ ğŸ¦´ âŒ,no,0,0.0,2350.0
2025-06-01 11:36:28,Viral Stunts That Were Risky (And a Little RisquÃ©),Ice Bucket,ğŸ§Š ğŸ¥¶ ğŸ’¦ ğŸ˜…,no,0,0.0,2450.0
2025-06-01 11:37:22,Viral Stunts That Were Risky (And a Little RisquÃ©),Hot Pepper Challenge,ğŸŒ¶ï¸ ğŸ”¥ ğŸ¥µ ğŸš‘,yes,3,65.0,2600.0
2025-06-01 11:37:36,Viral Stunts That Were Risky (And a Little RisquÃ©),Hot Pepper Challenge,ğŸŒ¶ï¸ ğŸ”¥ ğŸ¥µ ğŸš‘,no,0,0.0,2600.0
2025-06-01 11:39:46,Viral Stunts That Were Risky (And a Little RisquÃ©),Planking craze,ğŸ§â€â™‚ï¸ ğŸ¤¸â€â™€ï¸ âš ï¸,no,0,0.0,2700.0
2025-06-01 11:40:44,Valid Grounds for Ending It,Last straw,ğŸ« ğŸ˜© ğŸ’¥,no,0,0.0,2785.0
2025-06-01 11:41:12,Valid Grounds for Ending It,Time to leave,â° ğŸš¶â€â™€ï¸ ğŸšª,yes,0,90.0,2975.0
2025-06-01 11:41:32,Valid Grounds for Ending It,Time to leave,â° ğŸš¶â€â™€ï¸ ğŸšª,no,0,0.0,2975.0
2025-06-01 11:42:30,Valid Grounds for Ending It,Game over,ğŸ® ğŸ ğŸ’” ğŸ‘»,no,0,0.0,3060.0
2025-06-01 11:58:47,Valid Grounds for Ending It,Brewing bad coffee,â˜• ğŸ˜  ğŸ—‘ï¸,no,0,0.0,3160.0
2025-06-01 11:59:13,Valid Grounds for Ending It,Last straw,ğŸª ğŸ’¥ ğŸ¤,yes,0,100.0,3410.0
2025-06-01 11:59:24,Valid Grounds for Ending It,Last straw,ğŸª ğŸ’¥ ğŸ¤,no,0,0.0,3410.0
2025-06-01 11:59:45,AI & Tech Buzzwords,Big Data,ğŸ• ğŸ’¾ ğŸ“Š,yes,0,100.0,3660.0
2025-06-01 11:59:53,AI & Tech Buzzwords,Big Data,ğŸ• ğŸ’¾ ğŸ“Š,no,0,0.0,3660.0
2025-06-01 12:00:39,This AI is Addicted To Generating Puzzles,Time flies,â° ğŸ¦‹ ğŸ’¨ â³,yes,0,90.0,215.0
2025-06-01 12:00:45,This AI is Addicted To Generating Puzzles,Time flies,â° ğŸ¦‹ ğŸ’¨ â³,no,0,0.0,215.0
2025-06-01 12:01:14,Little Irritations That Drive You Wild (Figuratively... or Literally?),Slow internet,ğŸŒ ğŸ“¶ ğŸ˜¡ â³,yes,0,90.0,405.0
2025-06-01 12:01:21,Little Irritations That Drive You Wild (Figuratively... or Literally?),Slow internet,ğŸŒ ğŸ“¶ ğŸ˜¡ â³,no,0,0.0,405.0
2025-06-01 12:02:08,AI Orders Takeout (It's Just More Puzzles),Eat dessert,ğŸ° ğŸ˜‹ ğŸ¥„,no,0,0.0,490.0
2025-06-01 12:02:40,AI Rates Your Wedding (Based on Cake Quality),Piece of cake,ğŸ° ğŸ¤– ğŸ’¯ â‰ï¸,yes,3,75.0,650.0
2025-06-01 12:08:26,Wifi Password Requests,Pretty Please,ğŸ¥ºğŸ™âœ¨ğŸ’–,yes,3,75.0,185.0
2025-06-01 12:09:09,Wifi Password Requests,Pretty Please,ğŸ¥ºğŸ™âœ¨ğŸ’–,no,0,0.0,185.0
2025-06-01 12:09:41,Hangover Cures,Drink water,ğŸ’§ ğŸ¥› ğŸ˜´,yes,3,75.0,345.0
2025-06-01 12:10:00,Hangover Cures,Drink water,ğŸ’§ ğŸ¥› ğŸ˜´,no,0,0.0,345.0
2025-06-01 12:10:36,Black Market Bargains,Quick Cash,ğŸ’¸ ğŸƒğŸ’¨ ğŸ’°,yes,3,75.0,505.0
2025-06-01 12:16:48,AI Guesses Your Password (It's 'password123'),Easy peasy,ğŸ‹ ğŸ° ğŸ˜‚,yes,2,90.0,105.0
2025-06-01 12:17:27,Floppy Disk Frustrations & Dial-Up Desperation (Sexy Tech Problems?),Blue Screen,ğŸ¶ ğŸŸ¦ ğŸ–¥ï¸ ğŸ’¥,yes,3,90.0,180.0
2025-06-01 12:18:01,AI's Useless Superpower: Generating Puzzles Too Slowly,Just in time,â° ğŸš€ ğŸ¤¯ â³,yes,3,90.0,255.0
2025-06-01 12:18:53,Silent Condemnations: Your Naughty Little Judgements,Pot calling kettle,ğŸ¥˜ğŸ—£ï¸ğŸ«•ğŸ­ğŸ™ƒ,yes,3,80.0,320.0
2025-06-01 12:20:01,Things People Talk About in Therapy,Let it go,ğŸŒ¬ï¸ ğŸ§˜â€â™€ï¸ ğŸ•Šï¸ âœ¨,no,3,0.0,305.0
2025-06-01 12:20:44,Viral Stunts That Were Risky (And a Little RisquÃ©),Ice Bucket,ğŸ§Š ğŸ’¦ ğŸ¥¶,no,3,0.0,290.0
2025-06-01 13:14:20,Stuff That Didn't Live Up to the Hype,"All foam, no beer",ğŸº ğŸ’¨ ğŸ‘ ğŸš°,no,0,0.0,290.0
2025-06-01 13:14:43,Guilty Pleasures,Retail Therapy,ğŸ›ï¸ ğŸ˜Œ ğŸ’¸,no,0,0.0,290.0
2025-06-01 13:16:27,AI Translates Your Cat's Meows (It's Judging You),Food. Sleep. Repeat.,ğŸ– ğŸ˜´ ğŸ”„ ğŸ˜¼,no,3,0.0,275.0
2025-06-01 13:21:55,Things That Are Overpriced,Bottled Water,ğŸ’§ğŸ’°ğŸ¤”ğŸš¿,yes,3,100.0,160.0
2025-06-01 13:22:56,Feeling Sleepy and Full After Eating Too Much,Food Coma,ğŸ•ğŸ˜´ğŸ’¤ğŸ›‹ï¸,no,0,0.0,160.0
2025-06-01 13:23:42,Quirky Films With Devoted Fans,Stay Gold,ğŸ•âœ¨ğŸ†,no,3,0.0,145.0
2025-06-01 13:24:53,Strange Bedfellows: Kinky Kitchen Pairings,Cat got milk,ğŸˆâ€â¬›ğŸ¥›ğŸ˜ˆ,no,0,0.0,145.0
2025-06-01 13:25:14,Old Tech Struggles,Floppy Disk,ğŸ’¾ ğŸŒ ğŸ˜«,yes,0,100.0,295.0
2025-06-01 14:43:04,My AI Therapist Says I'm...,Lost connection,ğŸ“¡ ğŸ’” â“,no,0,0.0,295.0
2025-06-01 14:43:39,Late Night Study Sessions,Brain Dead,ğŸ§  ğŸ’€ ğŸ˜´ ğŸ˜‚,yes,1,90.0,380.0
2025-06-01 14:44:17,Overbooked & Overwhelmed Moments,Too Much,ğŸ¤¯ ğŸ˜µâ€ğŸ’« â˜•ï¸ ğŸ˜«,yes,3,90.0,455.0
2025-06-01 14:45:04,Digital Rabbit Holes,Doom Scrolling,ğŸ“±ğŸ˜©ğŸ•ğŸªğŸ˜´,yes,3,90.0,530.0
2025-06-01 14:45:56,Hidden Agendas & Deceit,Silent Treatment,ğŸ¤« ğŸ§Š ğŸ­,no,0,0.0,530.0
2025-06-01 14:47:05,Catchphrases From the Big Screen,Eat Pray Love,ğŸ•ğŸ§˜â€â™€ï¸ğŸ’–,no,3,0.0,515.0
2025-06-01 14:56:30,Critter Crimes & Mischief Moments,Cat Burglar,ğŸˆâ€â¬› ğŸš¨ ğŸ’,no,3,0.0,10.0
2025-06-01 14:57:00,Nocturnal Musings,Sweet Dreams,ğŸŒ™ ğŸ˜´ ğŸ¬,yes,0,90.0,100.0
2025-06-01 15:54:59,Cozy Creature Comforts,Happy Puppy,ğŸ¶ ğŸ¥° ğŸ¾ â˜€ï¸,no,0,0.0,25.0
2025-06-01 15:55:46,Silent Film Scenes,Pie in face,ğŸ¥§ ğŸ¤• ğŸ˜‚,yes,0,100.0,175.0
2025-06-01 15:58:03,Hidden Stock & Secrets,Hidden Gem,ğŸ’ ğŸ¤« ğŸ˜‹,yes,3,90.0,250.0
2025-06-01 16:00:11,Pop Culture Obsessions,Fake News,ğŸ¤¥ ğŸ“° ğŸ“± âš ï¸,yes,3,90.0,325.0
2025-06-01 16:04:18,Office Water Cooler Talk,Coffee Break,â˜• ğŸ˜´ ğŸ—£ï¸,yes,3,90.0,400.0
2025-06-01 16:08:17,Digital Downtime & Glitches,Blue Screen,ğŸ¶ ğŸŸ¦ ğŸ–¥ï¸ ğŸ’¥,yes,1,100.0,545.0
2025-06-01 16:13:26,Backstage Pass Brouhaha,Stage Fright,ğŸ­ ğŸ˜¨ ğŸ¤ ğŸ˜…,no,3,0.0,530.0
2025-06-01 16:16:07,Digital Echoes: Silent Commutes,Lost Connection,ğŸ“µ ğŸ’” ğŸ“¡ ğŸ˜”,yes,3,90.0,605.0
2025-06-01 16:21:26,Digital Graveyards & Ghosts,Dead Air,ğŸ’€ ğŸ”ˆ ğŸ‘»,yes,3,100.0,740.0
2025-06-01 16:22:44,Road Trip Reflections,Who Let The Dogs Out,ğŸ¶ ğŸš— ğŸ¶ ğŸ—£ï¸,yes,3,100.0,875.0
2025-06-01 16:26:15,Petty Grievances & Irritations,Slow Walkers,ğŸš¶â€â™‚ï¸ğŸŒğŸ˜ ğŸ˜¤,yes,3,100.0,1010.0
2025-06-01 17:33:18,Catchphrases From The Silver Screen,Show me the money,ğŸ¬ ğŸ’° ğŸ¤” ğŸ’¸,yes,3,80.0,90.0
2025-06-01 17:34:29,Regretful Morning Must-Haves,Greasy Spoon,ğŸ³ ğŸ¥“ ğŸ˜–,yes,3,90.0,165.0
2025-06-01 17:51:12,Digital Style Rejection Panel,Too Rich,ğŸ‚ ğŸ’° ğŸ¤®,no,3,0.0,150.0
2025-06-01 20:00:26,Mythic Motifs & Powers,Achilles Heel,ğŸ›¡ï¸ ğŸ¦¶ ğŸ’”,yes,3,90.0,1085.0
2025-06-01 20:10:57,Days Off Demands,Mental Health Day,ğŸ§  ğŸ§˜ â˜€ï¸,yes,3,100.0,1220.0
2025-06-01 20:19:05,Digital Couch & Common Woes,Low Battery,ğŸ“± ğŸ“‰ ğŸ˜«,no,3,0.0,1205.0
2025-06-02 11:49:39,Speculative Futures & Theories,Simulation Theory,ğŸ® ğŸ‘¾ ğŸ˜µâ€ğŸ’« ğŸ’»,yes,3,90.0,100.0
2025-06-02 13:09:46,Awkward Silences & Innuendo,Sweet Tooth,ğŸ¬ğŸ¦·ğŸ˜‹ğŸ¤¤,no,2,0.0,90.0
2025-06-02 13:10:37,Secrets We Buried Deep,Past Mistakes,ğŸ™Š â³ ğŸ˜¬,yes,3,90.0,165.0
2025-06-02 14:15:02,Viral Video Moments,Numa Numa,ğŸ•º ğŸ¶ ğŸ’»,no,3,0.0,10.0
2025-06-02 14:15:30,Pixelated Passions & 8-Bit Blues,Game Over,ğŸ® ğŸ’€ ğŸ,yes,2,90.0,90.0
2025-06-02 18:27:29,Wild Nights & Regrets,Bad Decisions,ğŸ¤¦â€â™€ï¸ğŸ¹ğŸ¤•ğŸ˜‚,yes,2,90.0,105.0
2025-06-02 18:29:34,Holiday Havoc & Heated Debates,Fruitcake Toss,ğŸ‚ ğŸ¯ ğŸ ğŸ˜ ,yes,3,80.0,170.0
2025-06-02 18:31:41,Generational Communication Breakdown,Who Let the Dogs Out,ğŸ¶ğŸ—£ï¸ğŸ¶â“,yes,0,90.0,115.0
2025-06-02 18:38:48,Autocorrect's Hilarious Mishaps,Duck It,ğŸ¦† ğŸš« ğŸ¤£,yes,1,90.0,110.0
2025-06-02 18:46:29,Generational Communication Breakdown,Get Off My Lawn,ğŸ‘´ ğŸ˜  ğŸŒ¿ ğŸš«,yes,3,80.0,90.0
2025-06-02 18:48:41,Digital Playground & Challenges,Pet Pics,ğŸ¾ ğŸ“¸ â¤ï¸,no,2,0.0,80.0
2025-06-02 19:13:22,Sip & Spill Secrets,Cat Got Tongue,ğŸˆ ğŸ¤« ğŸ‘…,no,0,0.0,80.0
2025-06-02 19:23:15,Tech Troubles & Transformations,Lost Connection,ğŸ¾ ğŸ“¡ ğŸ’”,no,0,0.0,25.0
2025-06-02 19:23:54,Cosmic Campfire Confessions,Beam Me Up,ğŸš€ğŸ‘½âœ¨ğŸ˜‚,yes,2,90.0,105.0
2025-06-02 20:39:47,Dorm Room Confessions & Chaos,Late Night Texts,ğŸŒ™ ğŸ“± ğŸ˜³,no,3,0.0,10.0
2025-06-02 20:40:51,Spicy Takes & Table Troubles,Salt of the Earth,ğŸ§‚ğŸŒğŸŒ±,yes,2,80.0,80.0
2025-06-02 20:41:49,Digital Brain Food,Dog Years,ğŸ¶ â³ ğŸ¾ ğŸ‘´,no,3,0.0,65.0
2025-06-02 20:42:28,Digital Date Night Dilemmas,Bad Wifi,ğŸ˜  ğŸ“¶ ğŸ“‰ ğŸ¤¦â€â™€ï¸,yes,3,90.0,140.0
2025-06-02 20:43:33,Spicy Relationship Revelations,Silent Treatment,ğŸ¤« ğŸ§Š ğŸ’” ğŸ—£ï¸,no,3,0.0,125.0
2025-06-02 20:44:12,Critter Chaos & Mischief Managed,Monkey Business,ğŸ’ ğŸ’¼ ğŸ˜‚ ğŸ™Š,yes,1,90.0,210.0
2025-06-02 20:45:02,Digital Love Language,You Had Me,ğŸ’–âœ¨ğŸ—£ï¸,yes,2,80.0,278.0
2025-06-02 20:46:16,Digital Drinks & Dialogue,Copy Pasta,ğŸ“ğŸğŸ˜‚,yes,3,90.0,353.0
2025-06-02 20:47:10,Robots Gone Wrong in the Kitchen,Short Circuit,âš¡ï¸ğŸ¤–ğŸ”¥ğŸ’¥ğŸ”Œ,yes,3,90.0,100.0
2025-06-02 20:48:05,Nightmare Fuel & Fantasies,Creepy Crawlies,ğŸ•·ï¸ ğŸ› ğŸ˜¬ ğŸ˜±,no,3,0.0,85.0
2025-06-02 20:49:07,Secret Body Quirks,Cat got tongue,ğŸˆâ€â¬›ğŸ¤«ğŸ‘…,no,3,0.0,66.0
2025-06-02 20:56:15,Cringe-Worthy Romantic Fails,Puppy love,ğŸ¶ â¤ï¸ ğŸ¥´,yes,2,90.0,105.0
2025-06-02 20:56:54,Annoying Voice Interactions,Bad dog!,ğŸ˜  ğŸ¶ ğŸ—£ï¸,yes,3,90.0,180.0
2025-06-02 20:58:40,Viral Video Moments,Hamster dance,ğŸ¹ ğŸ’ƒ ğŸ¶,yes,2,90.0,260.0
2025-06-02 20:59:11,Workplace Faux Pas,Cat nap,ğŸˆ ğŸ˜´ ğŸ¢,yes,0,100.0,410.0
2025-06-03 15:22:14,Workplace Faux Pas,Cat nap,ğŸˆ ğŸ˜´ ğŸ¢,no,0,0.0,25.0
2025-06-03 15:23:37,Misleading Media Moments,Cake is a lie,ğŸ‚ ğŸ¤¥ ğŸ®,no,0,0.0,25.0
2025-06-03 15:26:20,Petty Retribution Schemes,Cold shoulder,ğŸ¥¶ ğŸ•â€ğŸ¦º ğŸ§Š,yes,3,90.0,100.0
2025-06-03 15:27:03,Comical Calamities & Oops Moments,Bad hair day,ğŸ¶ âœ‚ï¸ ğŸ¤¦â€â™€ï¸,yes,3,90.0,175.0
2025-06-03 15:56:41,Summer Shenanigans & Oops!,Sun's out buns,â˜€ï¸ ğŸ” ğŸ˜…,yes,3,70.0,230.0
2025-06-03 15:58:54,Awkward Social Situations,Wrong number,ğŸ“±â“ğŸ˜¬,yes,0,80.0,310.0
2025-06-03 16:06:49,Digital Dreams & Algorithms,Lost the signal,ğŸ•â€ğŸ¦º ğŸ“¡ ğŸ“µ,yes,3,80.0,375.0
2025-06-04 13:30:07,Fashion Fails & Flubs,Too much,ğŸ• ğŸ” ğŸ° ğŸ˜µ,yes,3,100.0,160.0
2025-06-04 13:31:27,One-Hit Wonder Television,Here's the thing,ğŸ“º ğŸ¤” â“ ğŸ’«,yes,3,70.0,215.0
2025-06-04 13:33:22,Parentsâ€™ Night Out Stories,Kids are picky,ğŸ‘¶ ğŸ½ï¸ ğŸ˜© ğŸ¥—,no,3,0.0,200.0
2025-06-04 18:05:57,Villains & Antiheroes Unite,Birds of prey,ğŸ¦… ğŸ˜ˆ ğŸ”ª,yes,3,100.0,160.0
2025-06-04 18:07:20,Trending Social Moments,Main character energy,ğŸ¬ğŸŒŸâœ¨ğŸ”¥ğŸ­,no,3,0.0,145.0
2025-06-04 18:07:54,Cubicle Confessions & Chaos,Water cooler,ğŸ’§ ğŸ—£ï¸ â˜•,yes,0,100.0,295.0
2025-06-04 18:08:54,Unpopular & Underrated Opinions,Pineapple on pizza,ğŸğŸ•ğŸ˜‚ğŸ”¥ğŸ¤”,yes,0,90.0,385.0
2025-06-04 18:09:45,Road Trip Regrets,Forgot the snacks,ğŸš— ğŸ˜« ğŸ¥¨,yes,0,90.0,475.0
2025-06-05 12:12:03,Adulting is Hard Humor,Hangry and tired,ğŸ˜¡ ğŸ• ğŸ˜´,no,0,0.0,25.0
2025-06-05 12:12:30,Comfort TV & Treats,Sweet Dreams,ğŸ¬ ğŸ˜´ ğŸŒ™,yes,0,100.0,175.0
2025-06-05 12:13:31,Unsubscribing: Reasons & Reactions,No longer,ğŸš«â³ğŸ‘‹,no,3,0.0,160.0
2025-06-05 12:14:22,Retro Childhood Struggles,Eat Your Greens,ğŸ¥¦ ğŸ˜« ğŸ½ï¸ ğŸ˜ ,yes,2,80.0,230.0
2025-06-05 12:15:35,Digital Foot in Mouth,Bad dog,ğŸ¶ ğŸ™Š ğŸ˜¬,yes,1,90.0,315.0
2025-06-05 12:16:21,Hidden Agendas & Secrets,Loose lips sink ships,ğŸ¤« ğŸš¢ ğŸŒŠ âš“ï¸,yes,0,90.0,405.0
2025-06-05 12:18:36,Shadowy Exchanges & Lost Relics,Silent Witness,ğŸ¤« ğŸ‘ï¸ ğŸ”¦,no,3,0.0,390.0
2025-06-05 12:21:18,Digital Mass Communication Oopsies,Reply All,âœ‰ï¸ ğŸ—£ï¸ ğŸ,yes,3,90.0,465.0
2025-06-05 12:26:11,One-Hit Wonder Television,Have a seat,ğŸ›‹ï¸ ğŸ“º ğŸ¤”,yes,3,80.0,530.0
2025-06-05 14:03:55,Luxury Spending Gone Wild,Golden Feast,ğŸ‘‘ ğŸ– âœ¨ ğŸ¥‚,yes,3,100.0,160.0
2025-06-05 14:10:22,Kitchen Catastrophes & Mishaps,Burnt to a crisp,ğŸ”¥ ğŸ¶ ğŸ¥“,yes,3,100.0,160.0
2025-06-05 14:12:11,Nocturnal Fantasies & Fears,Sweet Dreams,ğŸ˜´ ğŸ¬ âœ¨ ğŸŒ™,no,0,0.0,160.0
2025-06-05 14:13:00,Doomed Destined Duets,Second helpings,ğŸ½ï¸ğŸ˜‹ğŸ”„,no,3,0.0,145.0
2025-06-05 14:27:21,Water Cooler Talk,"Close, but no cigar",ğŸ¯ ğŸ’¨ ğŸš« ğŸ˜…,yes,3,100.0,160.0
2025-06-05 14:37:31,Hidden Trade Secrets,Silent Partner,ğŸ¤«ğŸ¤ğŸ’¼ğŸ’°,no,3,0.0,10.0
2025-06-05 15:39:23,Dramatic Showdowns & Rivalries,Last man standing,ğŸ¥Š ğŸ§â€â™‚ï¸ ğŸ†,yes,0,60.0,85.0
2025-06-05 15:41:35,Private Parts & Puzzles,Morning Wood,â˜€ï¸ğŸªµğŸ˜´,no,0,0.0,85.0
2025-06-05 15:59:22,Digital Mishaps & Mayhem,Blue Screen,ğŸŸ¦ ğŸ–¥ï¸ ğŸ˜µâ€ğŸ’« ğŸ’¥,no,0,0.0,85.0
2025-06-05 16:00:20,Hidden Powers & Professions,Hidden Talent,ğŸ¤«ğŸŒŸğŸ­âœ¨,yes,0,100.0,235.0
2025-06-05 16:48:47,Road Trip Revelations,Who let the dogs out,ğŸ¶ ğŸš— ğŸ¶ ğŸ—£ï¸,no,0,0.0,25.0
2025-06-05 17:08:12,Secret Keeper Revelations,Spill the beans,ğŸ¥£ ğŸ—£ï¸ ğŸ¤« ğŸ«˜,yes,0,80.0,105.0
2025-06-05 17:13:22,Restroom Revelation Riddles,Food for thought,ğŸ ğŸ§  ğŸ¤”,no,0,0.0,25.0
2025-06-05 17:14:28,Legal Visions & Fantasies,Sue Happy,ğŸ‘©â€âš–ï¸ ğŸ˜  ğŸ˜‚,yes,0,60.0,85.0
2025-06-05 17:15:26,Juicy Rumors & Wild Tales,Birds of a feather,ğŸ¦ ğŸ‘¯â€â™€ï¸ ğŸ—£ï¸,no,0,0.0,85.0
2025-06-05 17:16:15,Late Night Regrets,Bad dog,ğŸ¤¦â€â™€ï¸ğŸ¶ğŸº,no,0,0.0,85.0
2025-06-05 17:17:12,Digital Dust & Decay,Fast Food,ğŸ” ğŸŸ â³,yes,0,90.0,175.0
2025-06-05 17:43:31,Deliciously Dangerous Decisions,Play With Fire,ğŸ”¥ ğŸ˜ˆ ğŸ¤¸â€â™‚ï¸,no,0,0.0,25.0
2025-06-05 17:44:32,Trending Social Media Moments,Core Core,âœ¨ğŸŒ€ğŸ§˜,no,0,0.0,25.0
2025-06-05 17:45:31,Intellectual Vocabulary & Phrases,Occam's Razor,ğŸ¤” âœ‚ï¸ ğŸ¤¯,no,0,0.0,25.0
2025-06-05 17:46:27,Earworm Anthems & Jingles,I'm Lovin' It,ğŸŸâ¤ï¸ğŸ¶ğŸ˜‹ğŸ‰,no,0,0.0,25.0
2025-06-05 17:47:21,Critter Confidential: Dating Tales,Sweet Tooth,ğŸ­ğŸ¦·ğŸ˜‹ğŸ°ğŸ’–,no,0,0.0,25.0
2025-06-05 17:48:06,Late Bloomer Excuses,Slow and steady,ğŸ¢ ğŸš¶â€â™€ï¸ â³,no,0,0.0,25.0
2025-06-05 17:48:38,Office Water Cooler Talk,Coffee Break,â˜• ğŸ˜´ ğŸ—£ï¸,no,0,0.0,25.0
2025-06-05 17:49:24,Digital Glitch in the System,Blue Screen,ğŸŸ¦ ğŸ–¥ï¸ ğŸ’¥ ğŸ¥¶,yes,0,60.0,85.0
2025-06-05 17:50:10,Robots Gone Culinary,Short Circuit,ğŸ¤– ğŸ’¥ ğŸ³,no,0,0.0,85.0
2025-06-05 17:51:12,Petty Pranks & Passive Aggression,Silent Treatment,ğŸ¤« ğŸ§Š ğŸ—£ï¸ ğŸ‘»,no,0,0.0,85.0
2025-06-05 17:57:48,Wild Weekend Tales,Cat Nap,ğŸˆ ğŸ˜´ ğŸ’¤,no,0,0.0,25.0
2025-06-05 17:58:25,Viral Video Vexations,Hamster Dance,ğŸ¹ ğŸ’ƒ ğŸ¶ ğŸ‰,no,0,0.0,25.0
2025-06-05 17:59:07,Digital Bloopers & Glitch Moments,Page Not Found,ğŸŒ â“ ğŸ‘» ğŸ“‰,no,0,0.0,25.0
2025-06-05 18:49:54,Thoughts Behind the Verdict,Second Helping,ğŸ½ï¸ğŸ˜‹ğŸ¤¤âœ‹,no,0,0.0,25.0
2025-06-05 18:57:38,Signs of Accumulated Wisdom,Old Dog New Tricks,ğŸ•â€ğŸ¦± ğŸ§  âœ¨ ğŸ¾,no,0,0.0,25.0
2025-06-05 18:58:53,Doomscrolling & Digital Distress,Endless Scroll,ğŸ“±ğŸ˜«ğŸ¤¤ğŸ”,no,0,0.0,25.0
2025-06-05 19:25:54,Digital Delays & Disruptions,Buffering Bites,â³ ğŸ• ğŸ¤¤,no,0,0.0,25.0
2025-06-05 19:26:46,Cubicle Confessions & Corporate Secrets,Water Cooler,ğŸ’§ ğŸ—£ï¸ â˜•,no,0,0.0,25.0
2025-06-05 19:28:10,Current Slang & Viral Trends,It's giving...,ğŸ’… ğŸ‘€ âœ¨ ğŸ—£ï¸,no,0,0.0,25.0
2025-06-05 19:29:29,Digital Discomfort & Glitches,Lost Connection,ğŸ“µ ğŸ“¡ ğŸ’”,no,0,0.0,25.0
2025-06-05 19:35:31,Dealbreakers & Red Flags,Red Flag,ğŸš© ğŸŒ¶ï¸ ğŸ›‘,yes,0,60.0,85.0
2025-06-05 19:36:34,Regretful Resort Recollections,Bad Decisions,ğŸ¤¦â€â™€ï¸ğŸ¹ğŸ¤•ğŸ˜‚,no,0,0.0,85.0
2025-06-05 19:38:34,Kitchen Catastrophes & Mishaps,Burnt Toast,ğŸ”¥ğŸğŸ˜±âš«ï¸,no,0,0.0,85.0
2025-06-09 17:05:59,Confessions & Cocktail Napkins,Spill the beans,ğŸ¤« â˜• ğŸ—£ï¸,yes,0,60.0,355.0
2025-06-09 17:08:38,Unpopular Opinion Club,Early bird catches worm,â° ğŸ¦ ğŸ£ ğŸ›,yes,0,100.0,505.0
2025-06-09 17:36:36,Picture Imperfect Moments,Nailed it,ğŸ”¨ ğŸ’¥ ğŸ˜… ğŸ–¼ï¸,yes,0,70.0,95.0
2025-06-09 17:49:04,Awkward Social Situations,Food coma,ğŸ— ğŸ˜´ ğŸ›‹ï¸ ğŸ˜µ,yes,0,90.0,115.0
2025-06-09 17:50:06,Whispered Confessions & Hidden Truths,Dog ate my homework,ğŸ¶ ğŸ½ï¸ ğŸ“ ğŸ¤¥,yes,0,50.0,165.0
2025-06-09 18:06:57,Tech Glitches & Bloopers,Blue Screen of Death,ğŸŸ¦ ğŸ–¥ï¸ ğŸ’€ ğŸ˜‚,no,0,0.0,25.0
2025-06-09 18:17:15,Digital Dilemmas & Decryption,Lost the password,ğŸ”‘ ğŸ˜© â“ ğŸ’»,yes,0,60.0,85.0
2025-06-09 18:18:57,Casual Connections Code,Butterflies in stomach,ğŸ¦‹ ğŸ¤° ğŸ˜¬,yes,0,50.0,135.0
2025-06-09 19:08:25,Famous Pairings & Monikers,Salt and pepper,ğŸ§‚ âš«ï¸ ğŸ½ï¸,no,0,0.0,25.0
2025-06-09 19:12:21,Liquid Libations & Spirited Opinions,Raise a glass,ğŸ¥‚ ğŸ™Œ ğŸ¾ ğŸ‰,yes,0,60.0,85.0
2025-06-09 19:13:36,Romance Algorithm Fails,Swipe right fatigue,ğŸ“±â¡ï¸ğŸ˜©ğŸ˜´,no,0,0.0,85.0
2025-06-09 19:14:24,Digital Dreams & Glitches,Infinite scroll,ğŸ”„ ğŸ“± â¡ï¸ â™¾ï¸,no,0,0.0,85.0
2025-06-09 19:15:22,Secret Shameful Habits,Midnight Snack Attack,ğŸŒ™ ğŸª ğŸ¦¹ ğŸ˜´,no,0,0.0,85.0
2025-06-09 19:46:04,Cringeworthy Conversation Starters,How's your mother?,ğŸ‘´ â“ ğŸ¤° ğŸ˜¬,no,0,0.0,85.0
2025-06-09 19:47:45,"Innocent Words, Naughty Contexts",Sweet tooth,ğŸ¬ğŸ¦·ğŸ˜ˆğŸ¤¤,yes,0,100.0,235.0
2025-06-09 19:48:48,Digital Workplace Observations,Water cooler talk,ğŸ’§ â˜• ğŸ—£ï¸ ğŸ¢,yes,0,100.0,385.0
2025-06-09 19:50:58,Questionable Deals & Discounts,Buyer beware,ğŸ›ï¸ ğŸ§ ğŸš© ğŸ’¸,yes,0,60.0,445.0
2025-06-09 20:46:50,Digital Brainstorms & Connections,Dog days of summer,ğŸ¶ â˜€ï¸ ğŸ¥µ ğŸ˜´,yes,0,100.0,175.0
